{
  "extends": [
    "tslint:recommended",
    "tslint-react",
    "tslint-config-prettier"
  ],
  "rules": {
    "interface-name": false,
    "variable-name": false,
    "member-access": false,
    "member-ordering": [
      true,
      {
        "order": [
          "static-field",
          "instance-field",
          "static-method",
          "instance-method"
        ]
      }
    ],
    "no-empty-interface": false,
    "no-shadowed-variable": false,
    "object-literal-sort-keys": false,
    "ordered-imports": false,
    "jsx-no-lambda": false,
    "jsx-boolean-value": false,
    "no-console": false,
    "no-string-literal": false,
    "interface-over-type-literal": false,
    "no-unused-expression": false,
    "unified-signatures": false,
    "no-empty": false,
    "array-type": false
  }
}
